<?xml version="1.0" encoding="UTF-8"?>
<project-private xmlns="http://www.netbeans.org/ns/project-private/1">
    <editor-bookmarks xmlns="http://www.netbeans.org/ns/editor-bookmarks/2" lastBookmarkId="0"/>
    <open-files xmlns="http://www.netbeans.org/ns/projectui-open-files/2">
        <group>
            <file>file:/C:/Users/Paulinho/Documents/NetBeansProjects/aplicaçãoFactoryAbstract/src/model/EnchantedRoom.java</file>
            <file>file:/C:/Users/Paulinho/Documents/NetBeansProjects/aplicaçãoFactoryAbstract/src/model/Door.java</file>
            <file>file:/C:/Users/Paulinho/Documents/NetBeansProjects/aplicaçãoFactoryAbstract/src/view/teste.java</file>
            <file>file:/C:/Users/Paulinho/Documents/NetBeansProjects/aplicaçãoFactoryAbstract/src/model/MazeGame.java</file>
            <file>file:/C:/Users/Paulinho/Documents/NetBeansProjects/aplicaçãoFactoryAbstract/src/model/AbstractDoor.java</file>
            <file>file:/C:/Users/Paulinho/Documents/NetBeansProjects/aplicaçãoFactoryAbstract/src/model/MazeFactory.java</file>
            <file>file:/C:/Users/Paulinho/Documents/NetBeansProjects/aplicaçãoFactoryAbstract/src/model/EnchantedDoor.java</file>
            <file>file:/C:/Users/Paulinho/Documents/NetBeansProjects/aplicaçãoFactoryAbstract/src/model/AbstractMazeFactory.java</file>
            <file>file:/C:/Users/Paulinho/Documents/NetBeansProjects/aplicaçãoFactoryAbstract/src/model/EnchantedMazeFactory.java</file>
        </group>
    </open-files>
</project-private>
